{"Mean":{"confidence_interval":{"confidence_level":0.95,"lower_bound":-0.0479426723996266,"upper_bound":-0.025772277658131903},"point_estimate":-0.03688757397551634,"standard_error":0.005634040043658553},"Median":{"confidence_interval":{"confidence_level":0.95,"lower_bound":-0.04790129577136226,"upper_bound":-0.031402340202604906},"point_estimate":-0.04103325498596011,"standard_error":0.004177126731793979}}