{"Mean":{"confidence_interval":{"confidence_level":0.95,"lower_bound":100436.4887591194,"upper_bound":101958.02408707282},"point_estimate":101148.70054891413,"standard_error":389.30700573619816},"Median":{"confidence_interval":{"confidence_level":0.95,"lower_bound":99756.6495215311,"upper_bound":101018.32912262157},"point_estimate":100349.90540391812,"standard_error":292.0994759492016},"MedianAbsDev":{"confidence_interval":{"confidence_level":0.95,"lower_bound":2135.7717648402922,"upper_bound":3205.5464567097106},"point_estimate":2804.7090757499386,"standard_error":275.0105958970048},"Slope":{"confidence_interval":{"confidence_level":0.95,"lower_bound":99574.44938151789,"upper_bound":100592.02450845692},"point_estimate":100072.4475440977,"standard_error":259.63038957775296},"StdDev":{"confidence_interval":{"confidence_level":0.95,"lower_bound":2596.4119249274786,"upper_bound":5147.524604260559},"point_estimate":3919.1102904265717,"standard_error":656.5050605708051}}