{"Mean":{"confidence_interval":{"confidence_level":0.95,"lower_bound":-0.16746653371023462,"upper_bound":-0.1120983289646616},"point_estimate":-0.13926098178302304,"standard_error":0.014136967291789048},"Median":{"confidence_interval":{"confidence_level":0.95,"lower_bound":-0.1050384299258762,"upper_bound":-0.07183941967849616},"point_estimate":-0.08201328191834245,"standard_error":0.00789939761691612}}