{"Mean":{"confidence_interval":{"confidence_level":0.95,"lower_bound":32816156.1362694,"upper_bound":33437347.483085178},"point_estimate":33095053.568603743,"standard_error":160024.7316618513},"Median":{"confidence_interval":{"confidence_level":0.95,"lower_bound":32531775.25105042,"upper_bound":32834494.23880597},"point_estimate":32655659.413043477,"standard_error":80580.75100063205},"MedianAbsDev":{"confidence_interval":{"confidence_level":0.95,"lower_bound":378117.2852139406,"upper_bound":687170.7868877817},"point_estimate":529953.3088929569,"standard_error":76913.43646232357},"Slope":{"confidence_interval":{"confidence_level":0.95,"lower_bound":32812816.40495655,"upper_bound":33475485.699887663},"point_estimate":33098779.894762818,"standard_error":170648.6606880307},"StdDev":{"confidence_interval":{"confidence_level":0.95,"lower_bound":818116.3752289654,"upper_bound":2338167.2421293985},"point_estimate":1613711.9047429408,"standard_error":404884.5664259446}}