{"Mean":{"confidence_interval":{"confidence_level":0.95,"lower_bound":-0.0882112875145028,"upper_bound":-0.06815602444958636},"point_estimate":-0.07762330413674068,"standard_error":0.005132005158432073},"Median":{"confidence_interval":{"confidence_level":0.95,"lower_bound":-0.07425469491396663,"upper_bound":-0.05764155813624716},"point_estimate":-0.06611301061342179,"standard_error":0.004100896318075298}}