{"Mean":{"confidence_interval":{"confidence_level":0.95,"lower_bound":6428.671809106087,"upper_bound":6501.048544612854},"point_estimate":6462.39824040943,"standard_error":18.517731487236826},"Median":{"confidence_interval":{"confidence_level":0.95,"lower_bound":6390.452402597402,"upper_bound":6451.743063754428},"point_estimate":6408.504726205997,"standard_error":13.615418986856428},"MedianAbsDev":{"confidence_interval":{"confidence_level":0.95,"lower_bound":77.67089883318684,"upper_bound":135.3023008447492},"point_estimate":104.43180618488529,"standard_error":14.477786647757236},"Slope":{"confidence_interval":{"confidence_level":0.95,"lower_bound":6433.793641647274,"upper_bound":6512.104906119432},"point_estimate":6469.625573341982,"standard_error":19.91422942214675},"StdDev":{"confidence_interval":{"confidence_level":0.95,"lower_bound":120.84673151226818,"upper_bound":251.71599213926694},"point_estimate":185.85336325075315,"standard_error":34.470124107102}}