{"Mean":{"confidence_interval":{"confidence_level":0.95,"lower_bound":2593722.87547827,"upper_bound":2611243.8509902353},"point_estimate":2602288.667748083,"standard_error":4458.147743737633},"Median":{"confidence_interval":{"confidence_level":0.95,"lower_bound":2593408.45,"upper_bound":2606259.619047619},"point_estimate":2598931.876136123,"standard_error":3507.0758272949975},"MedianAbsDev":{"confidence_interval":{"confidence_level":0.95,"lower_bound":26844.418435916305,"upper_bound":45030.196479091945},"point_estimate":37945.56185712273,"standard_error":4848.7671635872},"Slope":{"confidence_interval":{"confidence_level":0.95,"lower_bound":2595855.192277863,"upper_bound":2609663.3272419744},"point_estimate":2602715.8593143197,"standard_error":3523.47906611162},"StdDev":{"confidence_interval":{"confidence_level":0.95,"lower_bound":34926.06166973856,"upper_bound":54167.36775148612},"point_estimate":44897.92280528088,"standard_error":4931.002157258014}}